{
  "id": "4685576",
  "name": "blog",
  "font_family": "iconfont",
  "css_prefix_text": "icon-",
  "description": "",
  "glyphs": [
    {
      "icon_id": "1097395",
      "name": "发布",
      "font_class": "fabu",
      "unicode": "e692",
      "unicode_decimal": 59026
    },
    {
      "icon_id": "1206342",
      "name": "发布2",
      "font_class": "fabu2",
      "unicode": "e61e",
      "unicode_decimal": 58910
    },
    {
      "icon_id": "4880142",
      "name": "发布",
      "font_class": "fabu1",
      "unicode": "e615",
      "unicode_decimal": 58901
    },
    {
      "icon_id": "339725",
      "name": "views",
      "font_class": "views",
      "unicode": "e612",
      "unicode_decimal": 58898
    },
    {
      "icon_id": "4487893",
      "name": "标签",
      "font_class": "biaoqian",
      "unicode": "e693",
      "unicode_decimal": 59027
    },
    {
      "icon_id": "6422297",
      "name": "views",
      "font_class": "views1",
      "unicode": "e60a",
      "unicode_decimal": 58890
    },
    {
      "icon_id": "6486517",
      "name": "时间",
      "font_class": "shijian",
      "unicode": "e60b",
      "unicode_decimal": 58891
    },
    {
      "icon_id": "7226228",
      "name": "时间",
      "font_class": "shijian1",
      "unicode": "e618",
      "unicode_decimal": 58904
    },
    {
      "icon_id": "8287288",
      "name": "标签",
      "font_class": "biaoqian1",
      "unicode": "e66c",
      "unicode_decimal": 58988
    },
    {
      "icon_id": "27520556",
      "name": "设备2",
      "font_class": "shebei2",
      "unicode": "e933",
      "unicode_decimal": 59699
    },
    {
      "icon_id": "20284988",
      "name": "x",
      "font_class": "x",
      "unicode": "e7ce",
      "unicode_decimal": 59342
    },
    {
      "icon_id": "23563163",
      "name": "X",
      "font_class": "X",
      "unicode": "e659",
      "unicode_decimal": 58969
    },
    {
      "icon_id": "1149403",
      "name": "排行榜",
      "font_class": "paixingbang",
      "unicode": "e6c5",
      "unicode_decimal": 59077
    },
    {
      "icon_id": "1611119",
      "name": "菜单",
      "font_class": "caidan",
      "unicode": "e601",
      "unicode_decimal": 58881
    },
    {
      "icon_id": "1722953",
      "name": "排行榜",
      "font_class": "paihangbang",
      "unicode": "e7bc",
      "unicode_decimal": 59324
    },
    {
      "icon_id": "2529630",
      "name": "最新new",
      "font_class": "new",
      "unicode": "e603",
      "unicode_decimal": 58883
    },
    {
      "icon_id": "2529632",
      "name": "置顶推荐top",
      "font_class": "star",
      "unicode": "e604",
      "unicode_decimal": 58884
    },
    {
      "icon_id": "2529633",
      "name": "热门hot",
      "font_class": "hot",
      "unicode": "e605",
      "unicode_decimal": 58885
    },
    {
      "icon_id": "6688666",
      "name": "排行榜",
      "font_class": "paihangbang--",
      "unicode": "e610",
      "unicode_decimal": 58896
    },
    {
      "icon_id": "7556175",
      "name": "用户",
      "font_class": "yonghu",
      "unicode": "e606",
      "unicode_decimal": 58886
    },
    {
      "icon_id": "7720058",
      "name": "菜单",
      "font_class": "caidan1",
      "unicode": "e609",
      "unicode_decimal": 58889
    },
    {
      "icon_id": "8776631",
      "name": "view",
      "font_class": "icon-test",
      "unicode": "e633",
      "unicode_decimal": 58931
    },
    {
      "icon_id": "8776676",
      "name": "view_off",
      "font_class": "icon-test1",
      "unicode": "e634",
      "unicode_decimal": 58932
    },
    {
      "icon_id": "8776692",
      "name": "message",
      "font_class": "icon-test2",
      "unicode": "e635",
      "unicode_decimal": 58933
    },
    {
      "icon_id": "8776706",
      "name": "message_unread",
      "font_class": "icon-test3",
      "unicode": "e636",
      "unicode_decimal": 58934
    },
    {
      "icon_id": "8776715",
      "name": "time",
      "font_class": "icon-test4",
      "unicode": "e638",
      "unicode_decimal": 58936
    },
    {
      "icon_id": "8776842",
      "name": "search",
      "font_class": "icon-test5",
      "unicode": "e63c",
      "unicode_decimal": 58940
    },
    {
      "icon_id": "8776843",
      "name": "edit",
      "font_class": "icon-test6",
      "unicode": "e63d",
      "unicode_decimal": 58941
    },
    {
      "icon_id": "8776877",
      "name": "upload",
      "font_class": "icon-test7",
      "unicode": "e640",
      "unicode_decimal": 58944
    },
    {
      "icon_id": "8776878",
      "name": "download",
      "font_class": "icon-test8",
      "unicode": "e641",
      "unicode_decimal": 58945
    },
    {
      "icon_id": "8776879",
      "name": "play",
      "font_class": "icon-test9",
      "unicode": "e642",
      "unicode_decimal": 58946
    },
    {
      "icon_id": "8777399",
      "name": "forbidden",
      "font_class": "icon-test10",
      "unicode": "e653",
      "unicode_decimal": 58963
    },
    {
      "icon_id": "8777413",
      "name": "info_filled",
      "font_class": "icon-test11",
      "unicode": "e654",
      "unicode_decimal": 58964
    },
    {
      "icon_id": "8777414",
      "name": "info",
      "font_class": "icon-test12",
      "unicode": "e655",
      "unicode_decimal": 58965
    },
    {
      "icon_id": "8777427",
      "name": "help",
      "font_class": "icon-test13",
      "unicode": "e656",
      "unicode_decimal": 58966
    },
    {
      "icon_id": "8777429",
      "name": "caution",
      "font_class": "icon-test14",
      "unicode": "e657",
      "unicode_decimal": 58967
    },
    {
      "icon_id": "8777656",
      "name": "applets",
      "font_class": "icon-test15",
      "unicode": "e65f",
      "unicode_decimal": 58975
    },
    {
      "icon_id": "8777657",
      "name": "social_wechat",
      "font_class": "icon-test16",
      "unicode": "e65e",
      "unicode_decimal": 58974
    },
    {
      "icon_id": "8918244",
      "name": "go-to-link",
      "font_class": "icon-test17",
      "unicode": "e664",
      "unicode_decimal": 58980
    },
    {
      "icon_id": "9096739",
      "name": "alipay",
      "font_class": "alipay",
      "unicode": "e666",
      "unicode_decimal": 58982
    },
    {
      "icon_id": "9384062",
      "name": "菜单",
      "font_class": "caidan2",
      "unicode": "e607",
      "unicode_decimal": 58887
    },
    {
      "icon_id": "11372667",
      "name": "话题符号",
      "font_class": "huatifuhao",
      "unicode": "e8b0",
      "unicode_decimal": 59568
    },
    {
      "icon_id": "12097438",
      "name": "更多",
      "font_class": "gengduo",
      "unicode": "e658",
      "unicode_decimal": 58968
    },
    {
      "icon_id": "12732498",
      "name": "用户",
      "font_class": "yonghu1",
      "unicode": "e619",
      "unicode_decimal": 58905
    },
    {
      "icon_id": "14439012",
      "name": "分隔符",
      "font_class": "fengefu",
      "unicode": "e682",
      "unicode_decimal": 59010
    },
    {
      "icon_id": "21320279",
      "name": "分隔符",
      "font_class": "fengefu1",
      "unicode": "e600",
      "unicode_decimal": 58880
    },
    {
      "icon_id": "27465323",
      "name": "更多",
      "font_class": "ellipsis",
      "unicode": "e717",
      "unicode_decimal": 59159
    },
    {
      "icon_id": "29884022",
      "name": "分隔符",
      "font_class": "fengefu2",
      "unicode": "e63a",
      "unicode_decimal": 58938
    },
    {
      "icon_id": "34485084",
      "name": "圆点分隔符",
      "font_class": "yuandianfengefu",
      "unicode": "e608",
      "unicode_decimal": 58888
    },
    {
      "icon_id": "37359805",
      "name": "分隔符",
      "font_class": "fengefu3",
      "unicode": "e681",
      "unicode_decimal": 59009
    },
    {
      "icon_id": "37380312",
      "name": "分隔符",
      "font_class": "fengefu4",
      "unicode": "e684",
      "unicode_decimal": 59012
    }
  ]
}
